{"text": " Art\u00edculo 11. La nacionalidad espa\u00f1ola se adquiere, se conserva y se pierde, de acuerdo con lo establecido por la ley. Ning\u00fan espa\u00f1ol de origen podr\u00e1 ser privado de su nacionalidad. El Estado podr\u00e1 concertar tratados de doble nacionalidad con los pa\u00edses iberoamericanos o con aquellos que hayan tenido o tengan una particular vinculaci\u00f3n con Espa\u00f1a. En estos mismos pa\u00edses, aun cuando no reconozca a sus ciudadanos un derecho rec\u00edproco, podr\u00e1n naturalizarse los espa\u00f1oles sin perder su nacionalidad de origen.", "segments": [{"id": 1, "seek": 0, "start": 0.0, "end": 7.640000000000001, "text": " Art\u00edculo 11. La nacionalidad espa\u00f1ola se adquiere, se conserva y se pierde, de acuerdo con lo", "tokens": [50364, 5735, 34365, 2975, 13, 2369, 29836, 4580, 25726, 4711, 369, 614, 358, 14412, 11, 369, 9704, 64, 288, 369, 9766, 1479, 11, 368, 28113, 416, 450, 50746], "avg_logprob": -0.1407129313857829, "compression_ratio": 1.6457564575645756, "no_speech_prob": 0.32053688168525696, "words": null, "temperature": 0.0}, {"id": 2, "seek": 0, "start": 7.640000000000001, "end": 13.200000000000001, "text": " establecido por la ley. Ning\u00fan espa\u00f1ol de origen podr\u00e1 ser privado de su nacionalidad.", "tokens": [50746, 37444, 17994, 1515, 635, 27786, 13, 39417, 9453, 31177, 368, 2349, 268, 15305, 842, 816, 2915, 1573, 368, 459, 29836, 4580, 13, 51024], "avg_logprob": -0.1407129313857829, "compression_ratio": 1.6457564575645756, "no_speech_prob": 0.32053688168525696, "words": null, "temperature": 0.0}, {"id": 3, "seek": 0, "start": 13.200000000000001, "end": 17.92, "text": " El Estado podr\u00e1 concertar tratados de doble nacionalidad con los pa\u00edses iberoamericanos", "tokens": [51024, 2699, 29740, 15305, 842, 8543, 289, 21507, 4181, 368, 360, 638, 29836, 4580, 416, 1750, 23070, 741, 46659, 13530, 8914, 329, 51260], "avg_logprob": -0.1407129313857829, "compression_ratio": 1.6457564575645756, "no_speech_prob": 0.32053688168525696, "words": null, "temperature": 0.0}, {"id": 4, "seek": 0, "start": 17.92, "end": 23.04, "text": " o con aquellos que hayan tenido o tengan una particular vinculaci\u00f3n con Espa\u00f1a. En", "tokens": [51260, 277, 416, 49835, 631, 4842, 282, 33104, 277, 46874, 2002, 1729, 27037, 2444, 3482, 416, 31729, 13, 2193, 51516], "avg_logprob": -0.1407129313857829, "compression_ratio": 1.6457564575645756, "no_speech_prob": 0.32053688168525696, "words": null, "temperature": 0.0}, {"id": 5, "seek": 0, "start": 23.04, "end": 28.84, "text": " estos mismos pa\u00edses, aun cuando no reconozca a sus ciudadanos un derecho rec\u00edproco,", "tokens": [51516, 12585, 47458, 23070, 11, 15879, 7767, 572, 850, 8957, 89, 496, 257, 3291, 18186, 11338, 329, 517, 39055, 850, 870, 4318, 1291, 11, 51806], "avg_logprob": -0.1407129313857829, "compression_ratio": 1.6457564575645756, "no_speech_prob": 0.32053688168525696, "words": null, "temperature": 0.0}, {"id": 6, "seek": 2884, "start": 28.84, "end": 32.72, "text": " podr\u00e1n naturalizarse los espa\u00f1oles sin perder su nacionalidad de origen.", "tokens": [50364, 15305, 7200, 3303, 9736, 405, 1750, 25726, 7456, 3343, 26971, 459, 29836, 4580, 368, 2349, 268, 13, 50558], "avg_logprob": -0.2155141845345497, "compression_ratio": 1.0, "no_speech_prob": 0.03134632110595703, "words": null, "temperature": 0.0}], "language": "es"}