{"text": " Ticulo 32. El hombre y la mujer tienen derecho a contraer matrimonio en pleno igualdad. Le ley, regular a las formas de matrimonio, la edad y la capacidad de cooperar a contraerlo. Los derechos y deber\u00e9s de los conjuges, las causas de separaci\u00f3n y disoluci\u00f3n y sus efectos.", "segments": [{"id": 1, "seek": 0, "start": 0.0, "end": 6.0, "text": " Ticulo 32. El hombre y la mujer tienen derecho a contraer matrimonio en pleno igualdad.", "tokens": [50364, 314, 299, 13455, 8858, 13, 2699, 26102, 288, 635, 32032, 12536, 39055, 257, 10742, 260, 3803, 5565, 266, 1004, 465, 499, 5808, 10953, 20034, 13, 50664], "avg_logprob": -0.3115863940295051, "compression_ratio": 1.5164835164835164, "no_speech_prob": 0.06677515804767609, "words": null, "temperature": 0.0}, {"id": 2, "seek": 0, "start": 6.0, "end": 12.0, "text": " Le ley, regular a las formas de matrimonio, la edad y la capacidad de cooperar a contraerlo.", "tokens": [50664, 1456, 27786, 11, 3890, 257, 2439, 33463, 368, 3803, 5565, 266, 1004, 11, 635, 1257, 345, 288, 635, 43507, 368, 13414, 289, 257, 10742, 260, 752, 13, 50964], "avg_logprob": -0.3115863940295051, "compression_ratio": 1.5164835164835164, "no_speech_prob": 0.06677515804767609, "words": null, "temperature": 0.0}, {"id": 3, "seek": 0, "start": 12.0, "end": 18.0, "text": " Los derechos y deber\u00e9s de los conjuges, las causas de separaci\u00f3n y disoluci\u00f3n y sus efectos.", "tokens": [50964, 7632, 47508, 288, 29671, 2191, 368, 1750, 20295, 697, 279, 11, 2439, 3302, 296, 368, 3128, 3482, 288, 717, 401, 30813, 288, 3291, 22565, 329, 13, 51264], "avg_logprob": -0.3115863940295051, "compression_ratio": 1.5164835164835164, "no_speech_prob": 0.06677515804767609, "words": null, "temperature": 0.0}], "language": "es"}