{"text": " Art\u00edculo 15. Todos los espa\u00f1oles tienen derecho a la vida y a la integridad f\u00edsica y moral, sin que en ning\u00fan caso puedan ser sometidos a tortura ni apenas otros y humanos o degradantes. Queda volida la pena de muerte, salvo lo que puedan disponer las leyes penales y militares para los tiempos de guerra.", "segments": [{"id": 1, "seek": 0, "start": 0.0, "end": 7.0, "text": " Art\u00edculo 15. Todos los espa\u00f1oles tienen derecho a la vida y a la integridad f\u00edsica y moral,", "tokens": [50364, 5735, 34365, 2119, 13, 35447, 1750, 25726, 7456, 12536, 39055, 257, 635, 7644, 288, 257, 635, 3572, 4580, 46436, 288, 9723, 11, 50714], "avg_logprob": -0.25694972492126095, "compression_ratio": 1.4507042253521127, "no_speech_prob": 0.05594419315457344, "words": null, "temperature": 0.0}, {"id": 2, "seek": 0, "start": 7.0, "end": 13.0, "text": " sin que en ning\u00fan caso puedan ser sometidos a tortura ni apenas otros y humanos o degradantes.", "tokens": [50714, 3343, 631, 465, 30394, 9666, 41241, 816, 692, 7895, 257, 10806, 2991, 3867, 18561, 16422, 288, 34555, 277, 24740, 9327, 13, 51014], "avg_logprob": -0.25694972492126095, "compression_ratio": 1.4507042253521127, "no_speech_prob": 0.05594419315457344, "words": null, "temperature": 0.0}, {"id": 3, "seek": 0, "start": 13.0, "end": 20.0, "text": " Queda volida la pena de muerte, salvo lo que puedan disponer las leyes penales y militares para los tiempos de guerra.", "tokens": [51014, 2326, 8801, 1996, 2887, 635, 29222, 368, 38497, 11, 1845, 3080, 450, 631, 41241, 23311, 260, 2439, 476, 2346, 3435, 4229, 288, 1962, 2786, 495, 1690, 1750, 7582, 2455, 329, 368, 27542, 13, 51364], "avg_logprob": -0.25694972492126095, "compression_ratio": 1.4507042253521127, "no_speech_prob": 0.05594419315457344, "words": null, "temperature": 0.0}], "language": "es"}