{"text": " Art\u00edculo 1, Espa\u00f1a se constituye en un estado social y democr\u00e1tico de derecho que propuma como valores superiores de su ordenamiento jur\u00eddico, la libertad de la justicia de igualdad y el pluralismo pol\u00edtico. La soberan\u00eda nacional residen el pueblo espa\u00f1ol del tema de los poderes del Estado. La forma pol\u00edtica del Estado espa\u00f1ol es la monarqu\u00eda parlamentario.", "segments": [{"id": 1, "seek": 0, "start": 0.0, "end": 7.44, "text": " Art\u00edculo 1, Espa\u00f1a se constituye en un estado social y democr\u00e1tico de derecho que propuma como valores", "tokens": [50364, 5735, 34365, 502, 11, 31729, 369, 16085, 1200, 465, 517, 18372, 2093, 288, 6366, 28234, 368, 39055, 631, 2365, 5544, 2617, 38790, 50736], "avg_logprob": -0.3561968071305234, "compression_ratio": 1.5569620253164558, "no_speech_prob": 0.11028749495744705, "words": null, "temperature": 0.0}, {"id": 2, "seek": 0, "start": 7.44, "end": 13.16, "text": " superiores de su ordenamiento jur\u00eddico, la libertad de la justicia de igualdad y el pluralismo pol\u00edtico.", "tokens": [50736, 1687, 72, 2706, 368, 459, 28615, 16971, 12721, 24455, 2789, 11, 635, 18058, 345, 368, 635, 445, 15341, 368, 10953, 20034, 288, 806, 25377, 6882, 48641, 13, 51022], "avg_logprob": -0.3561968071305234, "compression_ratio": 1.5569620253164558, "no_speech_prob": 0.11028749495744705, "words": null, "temperature": 0.0}, {"id": 3, "seek": 0, "start": 13.16, "end": 18.44, "text": " La soberan\u00eda nacional residen el pueblo espa\u00f1ol del tema de los poderes del Estado.", "tokens": [51022, 2369, 26212, 282, 2686, 29836, 725, 4380, 806, 33764, 31177, 1103, 15854, 368, 1750, 8152, 279, 1103, 29740, 13, 51286], "avg_logprob": -0.3561968071305234, "compression_ratio": 1.5569620253164558, "no_speech_prob": 0.11028749495744705, "words": null, "temperature": 0.0}, {"id": 4, "seek": 0, "start": 18.44, "end": 22.56, "text": " La forma pol\u00edtica del Estado espa\u00f1ol es la monarqu\u00eda parlamentario.", "tokens": [51286, 2369, 8366, 25029, 1103, 29740, 31177, 785, 635, 1108, 289, 358, 2686, 46024, 4912, 13, 51492], "avg_logprob": -0.3561968071305234, "compression_ratio": 1.5569620253164558, "no_speech_prob": 0.11028749495744705, "words": null, "temperature": 0.0}], "language": "es"}