{"text": " Con un ticulo 19, los espa\u00f1oles tienen derecho a elegir libremente su residencia y a circular por el territorio nacional. Asimismo, tienen derecho a entrar y salir libremente de Espa\u00f1a en los t\u00e9rminos cl\u00e1leis tablesca. Este derecho no podr\u00e1 ser limitado por motivos pol\u00edticos o ideol\u00f3gicos.", "segments": [{"id": 1, "seek": 0, "start": 0.0, "end": 6.8, "text": " Con un ticulo 19, los espa\u00f1oles tienen derecho a elegir libremente su residencia y", "tokens": [50364, 2656, 517, 256, 299, 13455, 1294, 11, 1750, 25726, 7456, 12536, 39055, 257, 14459, 347, 29976, 4082, 459, 725, 4380, 2755, 288, 50704], "avg_logprob": -0.2965281476457435, "compression_ratio": 1.4924623115577889, "no_speech_prob": 0.04366958513855934, "words": null, "temperature": 0.0}, {"id": 2, "seek": 0, "start": 6.8, "end": 12.4, "text": " a circular por el territorio nacional. Asimismo, tienen derecho a entrar y salir libremente", "tokens": [50704, 257, 16476, 1515, 806, 23484, 1004, 29836, 13, 1018, 332, 6882, 11, 12536, 39055, 257, 20913, 288, 31514, 29976, 4082, 50984], "avg_logprob": -0.2965281476457435, "compression_ratio": 1.4924623115577889, "no_speech_prob": 0.04366958513855934, "words": null, "temperature": 0.0}, {"id": 3, "seek": 0, "start": 12.4, "end": 18.400000000000002, "text": " de Espa\u00f1a en los t\u00e9rminos cl\u00e1leis tablesca. Este derecho no podr\u00e1 ser limitado por motivos", "tokens": [50984, 368, 31729, 465, 1750, 45198, 329, 596, 842, 306, 271, 4421, 904, 496, 13, 16105, 39055, 572, 15305, 842, 816, 4948, 1573, 1515, 5426, 329, 51284], "avg_logprob": -0.2965281476457435, "compression_ratio": 1.4924623115577889, "no_speech_prob": 0.04366958513855934, "words": null, "temperature": 0.0}, {"id": 4, "seek": 0, "start": 18.400000000000002, "end": 20.240000000000002, "text": " pol\u00edticos o ideol\u00f3gicos.", "tokens": [51284, 14482, 9940, 277, 1153, 27629, 9940, 13, 51376], "avg_logprob": -0.2965281476457435, "compression_ratio": 1.4924623115577889, "no_speech_prob": 0.04366958513855934, "words": null, "temperature": 0.0}], "language": "es"}