{"text": " Art\u00edculo 15. Todos los espa\u00f1oles tienen derecho a la vida y a la integridad f\u00edsica y moral, sin que en ning\u00fan caso puedan ser sometidos a tortura ni a penas o tratos inhumanos o degradantes. Queda abolida la pena de muerte, salvo lo que puedan disponer las leyes penales y militares para los tiempos de verra.", "segments": [{"id": 1, "seek": 0, "start": 0.0, "end": 6.4, "text": " Art\u00edculo 15. Todos los espa\u00f1oles tienen derecho a la vida y a la integridad f\u00edsica", "tokens": [50364, 5735, 34365, 2119, 13, 35447, 1750, 25726, 7456, 12536, 39055, 257, 635, 7644, 288, 257, 635, 3572, 4580, 46436, 50684], "avg_logprob": -0.15676460914559417, "compression_ratio": 1.455813953488372, "no_speech_prob": 0.09206030517816544, "words": null, "temperature": 0.0}, {"id": 2, "seek": 0, "start": 6.4, "end": 12.32, "text": " y moral, sin que en ning\u00fan caso puedan ser sometidos a tortura ni a penas o tratos inhumanos", "tokens": [50684, 288, 9723, 11, 3343, 631, 465, 30394, 9666, 41241, 816, 692, 7895, 257, 10806, 2991, 3867, 257, 3435, 296, 277, 21507, 329, 294, 18796, 329, 50980], "avg_logprob": -0.15676460914559417, "compression_ratio": 1.455813953488372, "no_speech_prob": 0.09206030517816544, "words": null, "temperature": 0.0}, {"id": 3, "seek": 0, "start": 12.32, "end": 17.84, "text": " o degradantes. Queda abolida la pena de muerte, salvo lo que puedan disponer las leyes penales", "tokens": [50980, 277, 24740, 9327, 13, 2326, 8801, 23183, 2887, 635, 29222, 368, 38497, 11, 1845, 3080, 450, 631, 41241, 23311, 260, 2439, 476, 2346, 3435, 4229, 51256], "avg_logprob": -0.15676460914559417, "compression_ratio": 1.455813953488372, "no_speech_prob": 0.09206030517816544, "words": null, "temperature": 0.0}, {"id": 4, "seek": 0, "start": 17.84, "end": 20.2, "text": " y militares para los tiempos de verra.", "tokens": [51256, 288, 1962, 2786, 495, 1690, 1750, 7582, 2455, 329, 368, 1306, 424, 13, 51374], "avg_logprob": -0.15676460914559417, "compression_ratio": 1.455813953488372, "no_speech_prob": 0.09206030517816544, "words": null, "temperature": 0.0}], "language": "es"}