{"text": " Part\u00edculo 3, el Castellano es la lengua espa\u00f1ola oficial del Estado. Todos los espa\u00f1oles tienen el de verdad conocerla y el derecho a usarla. Las dem\u00e1s lenguas espa\u00f1olas ser\u00e1n tambi\u00e9n oficiales y las respectivas comunidades aut\u00f3nomas de acuerdo con sus estatutos. La reiqueza de las distintas modalidades ling\u00fa\u00edsticas de Espa\u00f1a es un patrimonio cultural, de ser atujeto, de especial, respeto y proteger.", "segments": [{"id": 1, "seek": 0, "start": 0.0, "end": 7.24, "text": " Part\u00edculo 3, el Castellano es la lengua espa\u00f1ola oficial del Estado. Todos los espa\u00f1oles tienen el de verdad", "tokens": [50364, 4100, 34365, 805, 11, 806, 11019, 898, 3730, 785, 635, 35044, 4398, 25726, 4711, 37189, 1103, 29740, 13, 35447, 1750, 25726, 7456, 12536, 806, 368, 13692, 50726], "avg_logprob": -0.3589473670082433, "compression_ratio": 1.5622641509433963, "no_speech_prob": 0.09009893238544464, "words": null, "temperature": 0.0}, {"id": 2, "seek": 0, "start": 7.24, "end": 12.64, "text": " conocerla y el derecho a usarla. Las dem\u00e1s lenguas espa\u00f1olas ser\u00e1n tambi\u00e9n oficiales y las", "tokens": [50726, 35241, 875, 288, 806, 39055, 257, 14745, 875, 13, 10663, 34682, 35044, 84, 296, 25726, 14104, 816, 7200, 6407, 37189, 279, 288, 2439, 50996], "avg_logprob": -0.3589473670082433, "compression_ratio": 1.5622641509433963, "no_speech_prob": 0.09009893238544464, "words": null, "temperature": 0.0}, {"id": 3, "seek": 0, "start": 12.64, "end": 19.2, "text": " respectivas comunidades aut\u00f3nomas de acuerdo con sus estatutos. La reiqueza de las distintas modalidades", "tokens": [50996, 3104, 24759, 11040, 10284, 1476, 1801, 7092, 368, 28113, 416, 3291, 30883, 34640, 13, 2369, 319, 3221, 4371, 64, 368, 2439, 31489, 296, 39745, 10284, 51324], "avg_logprob": -0.3589473670082433, "compression_ratio": 1.5622641509433963, "no_speech_prob": 0.09009893238544464, "words": null, "temperature": 0.0}, {"id": 4, "seek": 0, "start": 19.2, "end": 24.76, "text": " ling\u00fa\u00edsticas de Espa\u00f1a es un patrimonio cultural, de ser atujeto, de especial, respeto y proteger.", "tokens": [51324, 22949, 2481, 19512, 9150, 368, 31729, 785, 517, 48369, 266, 1004, 6988, 11, 368, 816, 412, 84, 7108, 78, 11, 368, 15342, 11, 1597, 19515, 288, 1742, 30744, 13, 51602], "avg_logprob": -0.3589473670082433, "compression_ratio": 1.5622641509433963, "no_speech_prob": 0.09009893238544464, "words": null, "temperature": 0.0}], "language": "es"}