{"text": " Art\u00edculo 29. Todos los espa\u00f1oles tendr\u00e1n el derecho de petici\u00f3n individual y colectiva por escrito en la forma y con los efectos que determine la ley. Los miembros de las fuerzas o institutos armados o de los cuerpos sometidos a disciplina militar podr\u00e1n ejercer esto derecho solo individualmente y con el regalo a lo dispuesto en su legislaci\u00f3n espec\u00edfica.", "segments": [{"id": 1, "seek": 0, "start": 0.0, "end": 6.8, "text": " Art\u00edculo 29. Todos los espa\u00f1oles tendr\u00e1n el derecho de petici\u00f3n individual y colectiva", "tokens": [50364, 5735, 34365, 9413, 13, 35447, 1750, 25726, 7456, 3928, 81, 7200, 806, 39055, 368, 280, 3532, 2560, 2609, 288, 598, 1809, 5931, 50704], "avg_logprob": -0.1477953054321309, "compression_ratio": 1.5294117647058822, "no_speech_prob": 0.025544703006744385, "words": null, "temperature": 0.0}, {"id": 2, "seek": 0, "start": 6.8, "end": 12.08, "text": " por escrito en la forma y con los efectos que determine la ley. Los miembros de las fuerzas", "tokens": [50704, 1515, 49451, 465, 635, 8366, 288, 416, 1750, 22565, 329, 631, 6997, 635, 27786, 13, 7632, 275, 4907, 29781, 368, 2439, 17669, 24561, 50968], "avg_logprob": -0.1477953054321309, "compression_ratio": 1.5294117647058822, "no_speech_prob": 0.025544703006744385, "words": null, "temperature": 0.0}, {"id": 3, "seek": 0, "start": 12.08, "end": 17.7, "text": " o institutos armados o de los cuerpos sometidos a disciplina militar podr\u00e1n ejercer esto", "tokens": [50968, 277, 4348, 34640, 3726, 4181, 277, 368, 1750, 18363, 30010, 692, 7895, 257, 8644, 1426, 30653, 15305, 7200, 10012, 260, 1776, 7433, 51249], "avg_logprob": -0.1477953054321309, "compression_ratio": 1.5294117647058822, "no_speech_prob": 0.025544703006744385, "words": null, "temperature": 0.0}, {"id": 4, "seek": 0, "start": 17.7, "end": 23.32, "text": " derecho solo individualmente y con el regalo a lo dispuesto en su legislaci\u00f3n espec\u00edfica.", "tokens": [51249, 39055, 6944, 2609, 4082, 288, 416, 806, 1121, 10334, 257, 450, 4920, 22057, 465, 459, 6593, 3482, 32741, 64, 13, 51530], "avg_logprob": -0.1477953054321309, "compression_ratio": 1.5294117647058822, "no_speech_prob": 0.025544703006744385, "words": null, "temperature": 0.0}], "language": "es"}