{"text": " R\u00fapt\u00edculo 23, los ciudadanos tienen del derecho a participar en los asuntos p\u00fablicos directamente o por medio de representantes libremente elegidos en elecciones peri\u00f3dicas por su fr\u00e1gil universal. As\u00ed mismo, tienen derecho a acceder en condiciones de uwaldad a las funciones y cargos p\u00fablicos, con los requisitos que se\u00f1alen las leyes.", "segments": [{"id": 1, "seek": 0, "start": 0.0, "end": 13.5, "text": " R\u00fapt\u00edculo 23, los ciudadanos tienen del derecho a participar en los asuntos p\u00fablicos directamente o por medio de representantes libremente elegidos en elecciones peri\u00f3dicas por su fr\u00e1gil universal.", "tokens": [50364, 497, 2481, 662, 34365, 6673, 11, 1750, 18186, 11338, 329, 12536, 1103, 39055, 257, 48703, 465, 1750, 382, 2760, 329, 15392, 329, 46230, 277, 1515, 22123, 368, 2906, 9327, 29976, 4082, 14459, 7895, 465, 1118, 35560, 680, 7138, 67, 9150, 1515, 459, 431, 21099, 388, 11455, 13, 51039], "avg_logprob": -0.29253153570673684, "compression_ratio": 1.5154185022026432, "no_speech_prob": 0.024958882480859756, "words": null, "temperature": 0.0}, {"id": 2, "seek": 0, "start": 13.5, "end": 22.5, "text": " As\u00ed mismo, tienen derecho a acceder en condiciones de uwaldad a las funciones y cargos p\u00fablicos, con los requisitos que se\u00f1alen las leyes.", "tokens": [51039, 17419, 12461, 11, 12536, 39055, 257, 696, 1232, 260, 465, 45960, 368, 23147, 3976, 345, 257, 2439, 1019, 23469, 288, 1032, 18674, 15392, 329, 11, 416, 1750, 49878, 11343, 631, 13830, 21745, 2439, 476, 2346, 13, 51489], "avg_logprob": -0.29253153570673684, "compression_ratio": 1.5154185022026432, "no_speech_prob": 0.024958882480859756, "words": null, "temperature": 0.0}], "language": "es"}