{"text": " Art\u00edculo 1. Espa\u00f1a se constituye en un estado social y democr\u00e1tico de derecho que propugna, como valores superiores de su ordenamiento jur\u00eddico, la libertad, la justicia, la igualdad y el pluralismo pol\u00edtico. La soberan\u00eda nacional reside en el pueblo espa\u00f1ol, del que emanan los poderes del estado. La forma pol\u00edtica del estado espa\u00f1ol es la monarqu\u00eda parlamentaria.", "segments": [{"id": 1, "seek": 0, "start": 0.0, "end": 7.12, "text": " Art\u00edculo 1. Espa\u00f1a se constituye en un estado social y democr\u00e1tico de derecho que propugna,", "tokens": [50364, 5735, 34365, 502, 13, 31729, 369, 16085, 1200, 465, 517, 18372, 2093, 288, 6366, 28234, 368, 39055, 631, 2365, 697, 629, 11, 50720], "avg_logprob": -0.17527247661230516, "compression_ratio": 1.5601659751037344, "no_speech_prob": 0.06843698769807816, "words": null, "temperature": 0.0}, {"id": 2, "seek": 0, "start": 7.12, "end": 11.88, "text": " como valores superiores de su ordenamiento jur\u00eddico, la libertad, la justicia, la igualdad", "tokens": [50720, 2617, 38790, 1687, 72, 2706, 368, 459, 28615, 16971, 12721, 24455, 2789, 11, 635, 18058, 345, 11, 635, 445, 15341, 11, 635, 10953, 20034, 50958], "avg_logprob": -0.17527247661230516, "compression_ratio": 1.5601659751037344, "no_speech_prob": 0.06843698769807816, "words": null, "temperature": 0.0}, {"id": 3, "seek": 0, "start": 11.88, "end": 17.36, "text": " y el pluralismo pol\u00edtico. La soberan\u00eda nacional reside en el pueblo espa\u00f1ol, del que emanan", "tokens": [50958, 288, 806, 25377, 6882, 48641, 13, 2369, 26212, 282, 2686, 29836, 40134, 465, 806, 33764, 31177, 11, 1103, 631, 28211, 282, 51232], "avg_logprob": -0.17527247661230516, "compression_ratio": 1.5601659751037344, "no_speech_prob": 0.06843698769807816, "words": null, "temperature": 0.0}, {"id": 4, "seek": 0, "start": 17.36, "end": 22.68, "text": " los poderes del estado. La forma pol\u00edtica del estado espa\u00f1ol es la monarqu\u00eda parlamentaria.", "tokens": [51232, 1750, 8152, 279, 1103, 18372, 13, 2369, 8366, 25029, 1103, 18372, 31177, 785, 635, 1108, 289, 358, 2686, 46024, 9831, 13, 51498], "avg_logprob": -0.17527247661230516, "compression_ratio": 1.5601659751037344, "no_speech_prob": 0.06843698769807816, "words": null, "temperature": 0.0}], "language": "es"}