{"text": " En Ticulo 19, los espa\u00f1oles tienen derecho a elegir libremente su recidencia y a circular por el territorio nacional. As\u00ed mismo tienen derecho a entrar y salir libremente de Espa\u00f1a en los t\u00e9rminos clave y establezca. Este derecho no podr\u00e1 ser limitado por motivos pol\u00edticos o ideol\u00f3gicos.", "segments": [{"id": 1, "seek": 0, "start": 0.0, "end": 9.0, "text": " En Ticulo 19, los espa\u00f1oles tienen derecho a elegir libremente su recidencia y a circular por el territorio nacional.", "tokens": [50364, 2193, 314, 299, 13455, 1294, 11, 1750, 25726, 7456, 12536, 39055, 257, 14459, 347, 29976, 4082, 459, 850, 4380, 2755, 288, 257, 16476, 1515, 806, 23484, 1004, 29836, 13, 50814], "avg_logprob": -0.28053851870747354, "compression_ratio": 1.4898989898989898, "no_speech_prob": 0.04605434834957123, "words": null, "temperature": 0.0}, {"id": 2, "seek": 0, "start": 9.0, "end": 15.0, "text": " As\u00ed mismo tienen derecho a entrar y salir libremente de Espa\u00f1a en los t\u00e9rminos clave y establezca.", "tokens": [50814, 17419, 12461, 12536, 39055, 257, 20913, 288, 31514, 29976, 4082, 368, 31729, 465, 1750, 45198, 329, 596, 946, 288, 37444, 89, 496, 13, 51114], "avg_logprob": -0.28053851870747354, "compression_ratio": 1.4898989898989898, "no_speech_prob": 0.04605434834957123, "words": null, "temperature": 0.0}, {"id": 3, "seek": 0, "start": 15.0, "end": 20.0, "text": " Este derecho no podr\u00e1 ser limitado por motivos pol\u00edticos o ideol\u00f3gicos.", "tokens": [51114, 16105, 39055, 572, 15305, 842, 816, 4948, 1573, 1515, 5426, 329, 14482, 9940, 277, 1153, 27629, 9940, 13, 51364], "avg_logprob": -0.28053851870747354, "compression_ratio": 1.4898989898989898, "no_speech_prob": 0.04605434834957123, "words": null, "temperature": 0.0}], "language": "es"}