{"text": " Part\u00edculo 32. El hombre y la mujer tienen derecho a contraer matrimonio en plena igualdad. La ley regular\u00e1 las formas de matrimonio, la edad y la capacidad de comprar a contraerlo. Los derechos y deberes de los c\u00f3nyuges, las causas de separaci\u00f3n y disoluci\u00f3n y sus efectos.", "segments": [{"id": 1, "seek": 0, "start": 0.0, "end": 6.48, "text": " Part\u00edculo 32. El hombre y la mujer tienen derecho a contraer matrimonio en plena igualdad.", "tokens": [50364, 4100, 34365, 8858, 13, 2699, 26102, 288, 635, 32032, 12536, 39055, 257, 10742, 260, 3803, 5565, 266, 1004, 465, 499, 4118, 10953, 20034, 13, 50688], "avg_logprob": -0.2142134634096448, "compression_ratio": 1.5027027027027027, "no_speech_prob": 0.047668155282735825, "words": null, "temperature": 0.0}, {"id": 2, "seek": 0, "start": 6.48, "end": 12.120000000000001, "text": " La ley regular\u00e1 las formas de matrimonio, la edad y la capacidad de comprar a contraerlo.", "tokens": [50688, 2369, 27786, 3890, 842, 2439, 33463, 368, 3803, 5565, 266, 1004, 11, 635, 1257, 345, 288, 635, 43507, 368, 22077, 257, 10742, 260, 752, 13, 50970], "avg_logprob": -0.2142134634096448, "compression_ratio": 1.5027027027027027, "no_speech_prob": 0.047668155282735825, "words": null, "temperature": 0.0}, {"id": 3, "seek": 0, "start": 12.120000000000001, "end": 17.92, "text": " Los derechos y deberes de los c\u00f3nyuges, las causas de separaci\u00f3n y disoluci\u00f3n y sus efectos.", "tokens": [50970, 7632, 47508, 288, 29671, 279, 368, 1750, 6333, 1634, 39064, 11, 2439, 3302, 296, 368, 3128, 3482, 288, 717, 401, 30813, 288, 3291, 22565, 329, 13, 51260], "avg_logprob": -0.2142134634096448, "compression_ratio": 1.5027027027027027, "no_speech_prob": 0.047668155282735825, "words": null, "temperature": 0.0}], "language": "es"}