{"text": " En el art\u00edculo 23, los ciudadanos tienen el derecho a participar en los asuntos p\u00fablicos directamente o por medio de representantes libremente elegidos en elecciones peri\u00f3dicas por su fraje universal. Asimismo, tienen derecho a acceder en condiciones de igualdad a las funciones y cargos p\u00fablicos, con los requisitos que se\u00f1alen las leyes.", "segments": [{"id": 1, "seek": 0, "start": 0.0, "end": 6.88, "text": " En el art\u00edculo 23, los ciudadanos tienen el derecho a participar en los asuntos p\u00fablicos", "tokens": [50364, 2193, 806, 1523, 34365, 6673, 11, 1750, 18186, 11338, 329, 12536, 806, 39055, 257, 48703, 465, 1750, 382, 2760, 329, 15392, 329, 50708], "avg_logprob": -0.14945834547608763, "compression_ratio": 1.5565610859728507, "no_speech_prob": 0.05168934911489487, "words": null, "temperature": 0.0}, {"id": 2, "seek": 0, "start": 6.88, "end": 12.08, "text": " directamente o por medio de representantes libremente elegidos en elecciones peri\u00f3dicas", "tokens": [50708, 46230, 277, 1515, 22123, 368, 2906, 9327, 29976, 4082, 14459, 7895, 465, 1118, 35560, 680, 7138, 67, 9150, 50968], "avg_logprob": -0.14945834547608763, "compression_ratio": 1.5565610859728507, "no_speech_prob": 0.05168934911489487, "words": null, "temperature": 0.0}, {"id": 3, "seek": 0, "start": 12.08, "end": 17.84, "text": " por su fraje universal. Asimismo, tienen derecho a acceder en condiciones de igualdad a las", "tokens": [50968, 1515, 459, 6600, 2884, 11455, 13, 1018, 332, 6882, 11, 12536, 39055, 257, 696, 1232, 260, 465, 45960, 368, 10953, 20034, 257, 2439, 51256], "avg_logprob": -0.14945834547608763, "compression_ratio": 1.5565610859728507, "no_speech_prob": 0.05168934911489487, "words": null, "temperature": 0.0}, {"id": 4, "seek": 0, "start": 17.84, "end": 22.36, "text": " funciones y cargos p\u00fablicos, con los requisitos que se\u00f1alen las leyes.", "tokens": [51256, 1019, 23469, 288, 1032, 18674, 15392, 329, 11, 416, 1750, 49878, 11343, 631, 13830, 21745, 2439, 476, 2346, 13, 51482], "avg_logprob": -0.14945834547608763, "compression_ratio": 1.5565610859728507, "no_speech_prob": 0.05168934911489487, "words": null, "temperature": 0.0}], "language": "es"}