{"text": " Art\u00edculo 15, todos los espa\u00f1oles tienen derecho a la vida y a la integridad f\u00edsica y moral, sin que ning\u00fan caso puedan ser sometidos a tortura a mi apenas o tratos inhumanos o de gradantes. \u00bfQu\u00e9 da volida a la pena de muerte? Salvo lo que puedan disponer las legias penales y militares para los tiempos de verdad.", "segments": [{"id": 1, "seek": 0, "start": 0.0, "end": 10.68, "text": " Art\u00edculo 15, todos los espa\u00f1oles tienen derecho a la vida y a la integridad f\u00edsica y moral, sin que ning\u00fan caso puedan ser sometidos a tortura", "tokens": [50364, 5735, 34365, 2119, 11, 6321, 1750, 25726, 7456, 12536, 39055, 257, 635, 7644, 288, 257, 635, 3572, 4580, 46436, 288, 9723, 11, 3343, 631, 30394, 9666, 41241, 816, 692, 7895, 257, 10806, 2991, 50898], "avg_logprob": -0.4179472946561873, "compression_ratio": 1.305084745762712, "no_speech_prob": 0.09596745669841766, "words": null, "temperature": 0.0}, {"id": 2, "seek": 0, "start": 10.68, "end": 15.52, "text": " a mi apenas o tratos inhumanos o de gradantes. \u00bfQu\u00e9 da volida a la pena de muerte?", "tokens": [50898, 257, 2752, 18561, 277, 21507, 329, 294, 18796, 329, 277, 368, 2771, 9327, 13, 3841, 15137, 1120, 1996, 2887, 257, 635, 29222, 368, 38497, 30, 51140], "avg_logprob": -0.4179472946561873, "compression_ratio": 1.305084745762712, "no_speech_prob": 0.09596745669841766, "words": null, "temperature": 0.0}, {"id": 3, "seek": 1552, "start": 15.52, "end": 20.24, "text": " Salvo lo que puedan disponer las legias penales y militares para los tiempos de verdad.", "tokens": [50364, 5996, 3080, 450, 631, 41241, 23311, 260, 2439, 1676, 4609, 3435, 4229, 288, 1962, 2786, 495, 1690, 1750, 7582, 2455, 329, 368, 13692, 13, 50600], "avg_logprob": -0.5244759012151647, "compression_ratio": 1.1153846153846154, "no_speech_prob": 0.10390312969684601, "words": null, "temperature": 0.0}], "language": "es"}