{"text": " Este es una nueva prueba, este es una nueva prueba, adi\u00f3s.", "segments": [{"id": 1, "seek": 0, "start": 0.0, "end": 4.28, "text": " Este es una nueva prueba, este es una nueva prueba, adi\u00f3s.", "tokens": [50364, 16105, 785, 2002, 28963, 48241, 11, 4065, 785, 2002, 28963, 48241, 11, 614, 7138, 82, 13, 50578], "avg_logprob": -0.5364716178492496, "compression_ratio": 1.3409090909090908, "no_speech_prob": 0.059273503720760345, "words": null, "temperature": 0.0}], "language": "es"}