{"text": " Los suspiros son aire y van al aire. Las l\u00e1grimas son agua y van al mar. Dime mujer, cuando el amor se olvida, sabes t\u00fa a d\u00f3nde va.", "segments": [{"id": 1, "seek": 0, "start": 0.0, "end": 6.0, "text": " Los suspiros son aire y van al aire. Las l\u00e1grimas son agua y van al mar.", "tokens": [50364, 7632, 6535, 21633, 1872, 42885, 288, 3161, 419, 42885, 13, 10663, 7453, 861, 17957, 1872, 19330, 288, 3161, 419, 1849, 13, 50664], "avg_logprob": -0.19343719232914058, "compression_ratio": 1.2072072072072073, "no_speech_prob": 0.34932181239128113, "words": null, "temperature": 0.0}, {"id": 2, "seek": 0, "start": 6.0, "end": 10.0, "text": " Dime mujer, cuando el amor se olvida, sabes t\u00fa a d\u00f3nde va.", "tokens": [50664, 413, 1312, 32032, 11, 7767, 806, 15543, 369, 2545, 32500, 11, 37790, 15056, 257, 34264, 2773, 13, 50864], "avg_logprob": -0.19343719232914058, "compression_ratio": 1.2072072072072073, "no_speech_prob": 0.34932181239128113, "words": null, "temperature": 0.0}], "language": "es"}