{"text": " El goleador de pelo rubio marcar\u00e1 en el minuto 16,52 segundos de la primera parte.", "segments": [{"id": 1, "seek": 0, "start": 0.0, "end": 8.36, "text": " El goleador de pelo rubio marcar\u00e1 en el minuto 16,52 segundos de la primera parte.", "tokens": [50364, 2699, 352, 306, 5409, 368, 12167, 5915, 1004, 1849, 6166, 842, 465, 806, 923, 8262, 3165, 11, 17602, 40108, 368, 635, 17382, 6975, 13, 50782], "avg_logprob": -0.2522459824879964, "compression_ratio": 0.9880952380952381, "no_speech_prob": 0.028832267969846725, "words": null, "temperature": 0.0}], "language": "es"}