{"text": " Buenos d\u00edas por la ma\u00f1ana, les hablamos desde un peque\u00f1o pueblo una peque\u00f1a aldea, en la provincia de Zaragoza, se encuentra ubicada en la magn\u00edfica o pa\u00eds de Espa\u00f1a.", "segments": [{"id": 1, "seek": 0, "start": 0.0, "end": 6.6000000000000005, "text": " Buenos d\u00edas por la ma\u00f1ana, les hablamos desde un peque\u00f1o pueblo una peque\u00f1a aldea, en la provincia de Zaragoza,", "tokens": [50364, 38058, 19527, 1515, 635, 33573, 11, 1512, 26280, 2151, 10188, 517, 38181, 33764, 2002, 47177, 16798, 29791, 11, 465, 635, 17629, 2755, 368, 41580, 6442, 2394, 11, 50694], "avg_logprob": -0.44015810591109256, "compression_ratio": 1.300751879699248, "no_speech_prob": 0.04254966601729393, "words": null, "temperature": 0.0}, {"id": 2, "seek": 0, "start": 6.6000000000000005, "end": 10.6, "text": " se encuentra ubicada en la magn\u00edfica o pa\u00eds de Espa\u00f1a.", "tokens": [50694, 369, 43274, 26709, 299, 1538, 465, 635, 4944, 18869, 64, 277, 10572, 368, 31729, 13, 50894], "avg_logprob": -0.44015810591109256, "compression_ratio": 1.300751879699248, "no_speech_prob": 0.04254966601729393, "words": null, "temperature": 0.0}], "language": "es"}