{"text": " \u00bfSer\u00eda probar si esta de verdad funciona este es un audio en el que quiero saber la funcionalidad de todos los aplicaciones que puedan existir?", "segments": [{"id": 1, "seek": 0, "start": 0.0, "end": 5.08, "text": " \u00bfSer\u00eda probar si esta de verdad funciona este es un audio en el que quiero saber", "tokens": [50364, 3841, 31859, 2686, 1239, 289, 1511, 5283, 368, 13692, 26210, 4065, 785, 517, 6278, 465, 806, 631, 16811, 12489, 50618], "avg_logprob": -0.47919811229956777, "compression_ratio": 1.2946428571428572, "no_speech_prob": 0.027498893439769745, "words": null, "temperature": 0.0}, {"id": 2, "seek": 0, "start": 5.08, "end": 8.8, "text": " la funcionalidad de todos los aplicaciones que puedan existir?", "tokens": [50618, 635, 1019, 42395, 4580, 368, 6321, 1750, 18221, 9188, 631, 41241, 2514, 347, 30, 50804], "avg_logprob": -0.47919811229956777, "compression_ratio": 1.2946428571428572, "no_speech_prob": 0.027498893439769745, "words": null, "temperature": 0.0}], "language": "es"}