{"text": " Ser\u00eda probar si esto de verdad funciona. Este es un audio en el que quiero saber la funcionalidad de todos los aplicaciones que pueda existir.", "segments": [{"id": 1, "seek": 0, "start": 0.0, "end": 5.28, "text": " Ser\u00eda probar si esto de verdad funciona. Este es un audio en el que quiero saber la", "tokens": [50364, 4210, 2686, 1239, 289, 1511, 7433, 368, 13692, 26210, 13, 16105, 785, 517, 6278, 465, 806, 631, 16811, 12489, 635, 50628], "avg_logprob": -0.25366822590953425, "compression_ratio": 1.2882882882882882, "no_speech_prob": 0.03929828107357025, "words": null, "temperature": 0.0}, {"id": 2, "seek": 0, "start": 5.28, "end": 10.76, "text": " funcionalidad de todos los aplicaciones que pueda existir.", "tokens": [50628, 1019, 42395, 4580, 368, 6321, 1750, 18221, 9188, 631, 31907, 2514, 347, 13, 50902], "avg_logprob": -0.25366822590953425, "compression_ratio": 1.2882882882882882, "no_speech_prob": 0.03929828107357025, "words": null, "temperature": 0.0}], "language": "es"}