{"text": " Buenos d\u00edas por la ma\u00f1ana. Les hablamos desde un peque\u00f1o pueblo, una peque\u00f1a aldea en la provincia de Zaragoza. Se encuentra ubicada en la magn\u00edfico pa\u00eds de Espa\u00f1a.", "segments": [{"id": 1, "seek": 0, "start": 0.0, "end": 5.4, "text": " Buenos d\u00edas por la ma\u00f1ana. Les hablamos desde un peque\u00f1o pueblo, una peque\u00f1a aldea en", "tokens": [50364, 38058, 19527, 1515, 635, 33573, 13, 6965, 26280, 2151, 10188, 517, 38181, 33764, 11, 2002, 47177, 16798, 29791, 465, 50634], "avg_logprob": -0.21017715496861417, "compression_ratio": 1.2761194029850746, "no_speech_prob": 0.025403348729014397, "words": null, "temperature": 0.0}, {"id": 2, "seek": 0, "start": 5.4, "end": 10.28, "text": " la provincia de Zaragoza. Se encuentra ubicada en la magn\u00edfico pa\u00eds de Espa\u00f1a.", "tokens": [50634, 635, 17629, 2755, 368, 41580, 6442, 2394, 13, 1100, 43274, 26709, 299, 1538, 465, 635, 4944, 18869, 78, 10572, 368, 31729, 13, 50878], "avg_logprob": -0.21017715496861417, "compression_ratio": 1.2761194029850746, "no_speech_prob": 0.025403348729014397, "words": null, "temperature": 0.0}], "language": "es"}