{"text": " estoy caizando de que el hi-hat no suba a su debido momento me gustar\u00eda tener un cymbal que sonara brillante", "segments": [{"id": 1, "seek": 0, "start": 0.0, "end": 6.4, "text": " estoy caizando de que el hi-hat no suba a su debido momento me gustar\u00eda tener un", "tokens": [50364, 15796, 1335, 590, 1806, 368, 631, 806, 4879, 12, 15178, 572, 1422, 64, 257, 459, 50003, 9333, 385, 45896, 11640, 517, 50684], "avg_logprob": -0.33873191651176005, "compression_ratio": 1.1720430107526882, "no_speech_prob": 0.11280287057161331, "words": null, "temperature": 0.0}, {"id": 2, "seek": 0, "start": 6.4, "end": 11.72, "text": " cymbal que sonara brillante", "tokens": [50684, 3185, 2504, 304, 631, 1872, 2419, 8695, 2879, 50950], "avg_logprob": -0.33873191651176005, "compression_ratio": 1.1720430107526882, "no_speech_prob": 0.11280287057161331, "words": null, "temperature": 0.0}], "language": "es"}