{"text": " El caminante no hay camino, se hace camino al andar. Al andar se hace camino y al volver la vista atr\u00e1s se ve la senda que nunca m\u00e1s se ha de volver a pisar.", "segments": [{"id": 1, "seek": 0, "start": 0.0, "end": 9.0, "text": " El caminante no hay camino, se hace camino al andar. Al andar se hace camino y al volver la vista atr\u00e1s se ve la senda que nunca m\u00e1s se ha de volver a pisar.", "tokens": [50364, 2699, 1945, 259, 2879, 572, 4842, 34124, 11, 369, 10032, 34124, 419, 50009, 13, 967, 50009, 369, 10032, 34124, 288, 419, 33998, 635, 22553, 22906, 369, 1241, 635, 2845, 64, 631, 13768, 3573, 369, 324, 368, 33998, 257, 26584, 289, 13, 50814], "avg_logprob": -0.2798135145144029, "compression_ratio": 1.4454545454545455, "no_speech_prob": 0.03204817697405815, "words": null, "temperature": 0.0}], "language": "es"}