{"text": " Aminante no el camino es que se camin\u00f3 la andar a la andarza, se camin\u00f3 y al volver la vista atr\u00e1s. Se ve la senda que nunca m\u00e1s se ha de volver a pisar.", "segments": [{"id": 1, "seek": 0, "start": 0.0, "end": 5.0, "text": " Aminante no el camino es que se camin\u00f3 la andar a la andarza, se camin\u00f3 y al volver la vista atr\u00e1s.", "tokens": [50364, 2012, 259, 2879, 572, 806, 34124, 785, 631, 369, 1945, 259, 812, 635, 50009, 257, 635, 293, 289, 2394, 11, 369, 1945, 259, 812, 288, 419, 33998, 635, 22553, 22906, 13, 50614], "avg_logprob": -0.4560942907746022, "compression_ratio": 1.3652173913043477, "no_speech_prob": 0.09257932752370834, "words": null, "temperature": 0.0}, {"id": 2, "seek": 0, "start": 5.0, "end": 9.0, "text": " Se ve la senda que nunca m\u00e1s se ha de volver a pisar.", "tokens": [50614, 1100, 1241, 635, 262, 7639, 631, 13768, 3573, 369, 324, 368, 33998, 257, 26584, 289, 13, 50814], "avg_logprob": -0.4560942907746022, "compression_ratio": 1.3652173913043477, "no_speech_prob": 0.09257932752370834, "words": null, "temperature": 0.0}], "language": "es"}