{"text": " La m\u00fasica popular de Arag\u00f3n es a trav\u00e9s de la jota y en esta casa tenemos una cantante de jota", "segments": [{"id": 1, "seek": 0, "start": 0.0, "end": 6.96, "text": " La m\u00fasica popular de Arag\u00f3n es a trav\u00e9s de la jota y en esta casa tenemos una", "tokens": [50364, 2369, 20091, 3743, 368, 316, 3731, 1801, 785, 257, 24463, 368, 635, 361, 5377, 288, 465, 5283, 9022, 9914, 2002, 50712], "avg_logprob": -0.2678227096796036, "compression_ratio": 1.1149425287356323, "no_speech_prob": 0.10662625730037689, "words": null, "temperature": 0.0}, {"id": 2, "seek": 0, "start": 6.96, "end": 10.8, "text": " cantante de jota", "tokens": [50712, 11223, 2879, 368, 361, 5377, 50904], "avg_logprob": -0.2678227096796036, "compression_ratio": 1.1149425287356323, "no_speech_prob": 0.10662625730037689, "words": null, "temperature": 0.0}], "language": "es"}