{"text": " En un lugar de la mancha, de cuyo nombre no quiero acordarme, no ha mucho tiempo que viv\u00eda un hidalgo de los de Lanza Nastillero, a dar algo antiguo, roc\u00edn flaco y galvo corredor. Una olla de algo m\u00e1s maca que tarnero.", "segments": [{"id": 1, "seek": 0, "start": 0.0, "end": 7.04, "text": " En un lugar de la mancha, de cuyo nombre no quiero acordarme, no ha mucho tiempo que viv\u00eda", "tokens": [50364, 2193, 517, 11467, 368, 635, 587, 4413, 11, 368, 2702, 8308, 13000, 572, 16811, 38077, 35890, 11, 572, 324, 9824, 11772, 631, 11005, 2686, 50716], "avg_logprob": -0.23894965128293114, "compression_ratio": 1.3021582733812949, "no_speech_prob": 0.08255349844694138, "words": null, "temperature": 0.0}, {"id": 2, "seek": 0, "start": 7.04, "end": 14.52, "text": " un hidalgo de los de Lanza Nastillero, a dar algo antiguo, roc\u00edn flaco y galvo corredor.", "tokens": [50716, 517, 16253, 304, 1571, 368, 1750, 368, 17482, 2394, 426, 525, 373, 2032, 11, 257, 4072, 8655, 2511, 16397, 78, 11, 744, 66, 10973, 932, 11428, 288, 7660, 3080, 1181, 986, 284, 13, 51090], "avg_logprob": -0.23894965128293114, "compression_ratio": 1.3021582733812949, "no_speech_prob": 0.08255349844694138, "words": null, "temperature": 0.0}, {"id": 3, "seek": 1452, "start": 14.52, "end": 16.84, "text": " Una olla de algo m\u00e1s maca que tarnero.", "tokens": [50364, 15491, 26876, 368, 8655, 3573, 275, 6628, 631, 3112, 1193, 78, 13, 50480], "avg_logprob": -0.6418153127034505, "compression_ratio": 0.8297872340425532, "no_speech_prob": 0.8595083355903625, "words": null, "temperature": 0.0}], "language": "es"}