{"text": " 1, 2, 3, 4, 5, 6, 7, esto es una prueba de sonido, buenos d\u00edas, buenos d\u00edas.", "segments": [{"id": 1, "seek": 0, "start": 0.0, "end": 7.0, "text": " 1, 2, 3, 4, 5, 6, 7, esto es una prueba de sonido, buenos d\u00edas, buenos d\u00edas.", "tokens": [50364, 502, 11, 568, 11, 805, 11, 1017, 11, 1025, 11, 1386, 11, 1614, 11, 7433, 785, 2002, 48241, 368, 1872, 2925, 11, 49617, 19527, 11, 49617, 19527, 13, 50714], "avg_logprob": -0.2758580157833715, "compression_ratio": 1.0833333333333333, "no_speech_prob": 0.2916654348373413, "words": null, "temperature": 0.0}], "language": "es"}