{"text": " Verde que te quiero verde, verde viento, verdes ramas, el \u00e1rbol sobre la mar y el caballo en la monta\u00f1a, con la sombra en la cintura ella sue\u00f1a en su baranda, verde carne, verde pelo con ojos de tria plata, verde que te quiero verde bajo la luna gidana, las cosas las est\u00e1n mirando y ella no puede mirarlas.", "segments": [{"id": 1, "seek": 0, "start": 0.0, "end": 7.68, "text": " Verde que te quiero verde, verde viento, verdes ramas, el \u00e1rbol sobre la mar y el caballo", "tokens": [50364, 4281, 1479, 631, 535, 16811, 29653, 11, 29653, 371, 7814, 11, 6387, 279, 10211, 296, 11, 806, 35349, 17460, 5473, 635, 1849, 288, 806, 5487, 37104, 50748], "avg_logprob": -0.19264221138187818, "compression_ratio": 1.6835443037974684, "no_speech_prob": 0.10583718121051788, "words": null, "temperature": 0.0}, {"id": 2, "seek": 0, "start": 7.68, "end": 13.24, "text": " en la monta\u00f1a, con la sombra en la cintura ella sue\u00f1a en su baranda, verde carne, verde", "tokens": [50748, 465, 635, 8143, 64, 12150, 11, 416, 635, 3307, 6198, 465, 635, 269, 686, 2991, 18823, 20416, 12150, 465, 459, 2159, 5575, 11, 29653, 30089, 11, 29653, 51026], "avg_logprob": -0.19264221138187818, "compression_ratio": 1.6835443037974684, "no_speech_prob": 0.10583718121051788, "words": null, "temperature": 0.0}, {"id": 3, "seek": 0, "start": 13.24, "end": 19.0, "text": " pelo con ojos de tria plata, verde que te quiero verde bajo la luna gidana, las cosas", "tokens": [51026, 12167, 416, 39519, 368, 1376, 64, 30780, 11, 29653, 631, 535, 16811, 29653, 30139, 635, 287, 5051, 290, 327, 2095, 11, 2439, 12218, 51314], "avg_logprob": -0.19264221138187818, "compression_ratio": 1.6835443037974684, "no_speech_prob": 0.10583718121051788, "words": null, "temperature": 0.0}, {"id": 4, "seek": 1900, "start": 19.0, "end": 22.0, "text": " las est\u00e1n mirando y ella no puede mirarlas.", "tokens": [50364, 2439, 10368, 3149, 1806, 288, 18823, 572, 8919, 3149, 6843, 296, 13, 50514], "avg_logprob": -0.3608342488606771, "compression_ratio": 0.8979591836734694, "no_speech_prob": 0.7271811366081238, "words": null, "temperature": 0.0}], "language": "es"}