{"text": " 1, 2, 3, 4, 5, 6, 7, 8, 9, 10, 11, 12, 13, 14, 15, 16, 17, 18, 19, 20", "segments": [{"id": 1, "seek": 0, "start": 0.0, "end": 10.0, "text": " 1, 2, 3, 4, 5, 6, 7, 8, 9, 10, 11, 12, 13, 14, 15, 16, 17, 18, 19, 20", "tokens": [50364, 502, 11, 568, 11, 805, 11, 1017, 11, 1025, 11, 1386, 11, 1614, 11, 1649, 11, 1722, 11, 1266, 11, 2975, 11, 2272, 11, 3705, 11, 3499, 11, 2119, 11, 3165, 11, 3282, 11, 2443, 11, 1294, 11, 945, 50864], "avg_logprob": -0.14513274282217026, "compression_ratio": 1.3018867924528301, "no_speech_prob": 0.2082393616437912, "words": null, "temperature": 0.0}], "language": "es"}