{"text": " Del sal\u00f3n en el \u00e1ngulo oscuro de su due\u00f1a, tal vez olvidada, silenci\u00f3 se cubierta de polvo ve\u00edas el arto. Cuanta nota dorm\u00eda en sus cuerdas, como el p\u00e1jaro duerme en las ramas, esperando la mano de nieve que sabe arrancarlas.", "segments": [{"id": 1, "seek": 0, "start": 0.0, "end": 9.0, "text": " Del sal\u00f3n en el \u00e1ngulo oscuro de su due\u00f1a, tal vez olvidada, silenci\u00f3 se cubierta de polvo ve\u00edas el arto.", "tokens": [50364, 5831, 1845, 1801, 465, 806, 7352, 37308, 3003, 66, 7052, 368, 459, 3462, 12150, 11, 4023, 5715, 43194, 1538, 11, 3425, 30322, 812, 369, 10057, 811, 1328, 368, 1180, 3080, 1241, 10025, 806, 594, 1353, 13, 50814], "avg_logprob": -0.2134404528217438, "compression_ratio": 1.3892215568862276, "no_speech_prob": 0.18191906809806824, "words": null, "temperature": 0.0}, {"id": 2, "seek": 0, "start": 9.0, "end": 13.0, "text": " Cuanta nota dorm\u00eda en sus cuerdas, como el p\u00e1jaro duerme en las ramas,", "tokens": [50814, 13205, 5983, 36192, 12521, 2686, 465, 3291, 2702, 7783, 296, 11, 2617, 806, 40639, 73, 9708, 1581, 31081, 465, 2439, 10211, 296, 11, 51014], "avg_logprob": -0.2134404528217438, "compression_ratio": 1.3892215568862276, "no_speech_prob": 0.18191906809806824, "words": null, "temperature": 0.0}, {"id": 3, "seek": 0, "start": 13.0, "end": 17.0, "text": " esperando la mano de nieve que sabe arrancarlas.", "tokens": [51014, 46587, 635, 18384, 368, 2838, 303, 631, 12275, 50235, 6166, 7743, 13, 51214], "avg_logprob": -0.2134404528217438, "compression_ratio": 1.3892215568862276, "no_speech_prob": 0.18191906809806824, "words": null, "temperature": 0.0}], "language": "es"}