{"text": " Una vez en un pa\u00eds muy, muy lejano donde viv\u00edan tres hermosas princesas.", "segments": [{"id": 1, "seek": 0, "start": 0.0, "end": 6.0, "text": " Una vez en un pa\u00eds muy, muy lejano donde viv\u00edan tres hermosas princesas.", "tokens": [50364, 15491, 5715, 465, 517, 10572, 5323, 11, 5323, 476, 73, 3730, 10488, 11005, 11084, 15890, 720, 3415, 296, 41536, 296, 13, 50664], "avg_logprob": -0.34119046355287236, "compression_ratio": 0.9736842105263158, "no_speech_prob": 0.04139828309416771, "words": null, "temperature": 0.0}], "language": "es"}