{"text": " Con cien ca\u00f1ones por banta viento en popa toda vela no corta el mar si no vuela un verero vergantil, a gel pirata me llaman por su bravura el temido, un rodomar conocido de uno al otro con fin, la luna en el mar riella, en la lona jimel viento y alza emplando con su movimiento o en la sepla de azul", "segments": [{"id": 1, "seek": 0, "start": 0.0, "end": 5.6000000000000005, "text": " Con cien ca\u00f1ones por banta viento en popa toda vela no corta el mar si no vuela un", "tokens": [50364, 2656, 269, 1053, 1335, 2791, 2213, 1515, 272, 5983, 371, 7814, 465, 1665, 64, 11687, 14610, 64, 572, 11278, 64, 806, 1849, 1511, 572, 371, 16079, 517, 50644], "avg_logprob": -0.2972679616262515, "compression_ratio": 1.5384615384615385, "no_speech_prob": 0.16469110548496246, "words": null, "temperature": 0.0}, {"id": 2, "seek": 0, "start": 5.6000000000000005, "end": 10.5, "text": " verero vergantil, a gel pirata me llaman por su bravura el temido, un rodomar conocido", "tokens": [50644, 1306, 2032, 1306, 70, 394, 388, 11, 257, 4087, 13528, 3274, 385, 4849, 6147, 1515, 459, 1548, 85, 2991, 806, 1383, 2925, 11, 517, 8685, 298, 289, 15871, 2925, 50889], "avg_logprob": -0.2972679616262515, "compression_ratio": 1.5384615384615385, "no_speech_prob": 0.16469110548496246, "words": null, "temperature": 0.0}, {"id": 3, "seek": 0, "start": 10.5, "end": 15.4, "text": " de uno al otro con fin, la luna en el mar riella, en la lona jimel viento y alza emplando", "tokens": [50889, 368, 8526, 419, 11921, 416, 962, 11, 635, 287, 5051, 465, 806, 1849, 367, 414, 3505, 11, 465, 635, 287, 4037, 361, 332, 338, 371, 7814, 288, 419, 2394, 846, 564, 1806, 51134], "avg_logprob": -0.2972679616262515, "compression_ratio": 1.5384615384615385, "no_speech_prob": 0.16469110548496246, "words": null, "temperature": 0.0}, {"id": 4, "seek": 1540, "start": 15.4, "end": 17.4, "text": " con su movimiento o en la sepla de azul", "tokens": [50364, 416, 459, 43180, 277, 465, 635, 369, 29684, 368, 39580, 50464], "avg_logprob": -0.8473446002373328, "compression_ratio": 0.8666666666666667, "no_speech_prob": 0.4690028727054596, "words": null, "temperature": 0.0}], "language": "es"}