{"text": " Yo me asomado a las profundas simas de la tierra y del cielo, y les he visto el fin, con los ojos o con el pensamiento, m\u00e1s hay de un coraz\u00f3n llegu\u00e9 al abismo y me incline un momento, y mi alma y mis ojos se turbaron, tan hondo era y tan negro.", "segments": [{"id": 1, "seek": 0, "start": 0.0, "end": 7.0, "text": " Yo me asomado a las profundas simas de la tierra y del cielo, y les he visto el fin,", "tokens": [50364, 7616, 385, 382, 298, 1573, 257, 2439, 40958, 296, 1034, 296, 368, 635, 33416, 288, 1103, 49549, 11, 288, 1512, 415, 17558, 806, 962, 11, 50714], "avg_logprob": -0.2672759227846798, "compression_ratio": 1.4615384615384615, "no_speech_prob": 0.1403007060289383, "words": null, "temperature": 0.0}, {"id": 2, "seek": 0, "start": 7.0, "end": 12.48, "text": " con los ojos o con el pensamiento, m\u00e1s hay de un coraz\u00f3n llegu\u00e9 al abismo y me incline", "tokens": [50714, 416, 1750, 39519, 277, 416, 806, 6099, 16971, 11, 3573, 4842, 368, 517, 34518, 11234, 42423, 419, 410, 6882, 288, 385, 834, 1889, 50988], "avg_logprob": -0.2672759227846798, "compression_ratio": 1.4615384615384615, "no_speech_prob": 0.1403007060289383, "words": null, "temperature": 0.0}, {"id": 3, "seek": 0, "start": 12.48, "end": 17.080000000000002, "text": " un momento, y mi alma y mis ojos se turbaron, tan hondo era y tan negro.", "tokens": [50988, 517, 9333, 11, 288, 2752, 32634, 288, 3346, 39519, 369, 18252, 6372, 11, 7603, 276, 27720, 4249, 288, 7603, 40008, 13, 51218], "avg_logprob": -0.2672759227846798, "compression_ratio": 1.4615384615384615, "no_speech_prob": 0.1403007060289383, "words": null, "temperature": 0.0}], "language": "es"}