{"text": " Esto era una vez en un pa\u00eds muy muy lejano donde viv\u00edan unas hermosas princesas en un castillo muy alto y rocoso.", "segments": [{"id": 1, "seek": 0, "start": 0.0, "end": 8.0, "text": " Esto era una vez en un pa\u00eds muy muy lejano donde viv\u00edan unas hermosas princesas en un castillo muy alto y rocoso.", "tokens": [50364, 20880, 4249, 2002, 5715, 465, 517, 10572, 5323, 5323, 476, 73, 3730, 10488, 11005, 11084, 25405, 720, 3415, 296, 41536, 296, 465, 517, 4193, 15831, 5323, 21275, 288, 744, 6877, 78, 13, 50764], "avg_logprob": -0.20532673767634801, "compression_ratio": 1.1855670103092784, "no_speech_prob": 0.052351661026477814, "words": null, "temperature": 0.0}], "language": "es"}