{"text": " En un lugar de la mancha de cuyo nombre no ten\u00eda a acordarme, hab\u00eda un caballero de Dalvinas.", "segments": [{"id": 1, "seek": 0, "start": 0.0, "end": 6.72, "text": " En un lugar de la mancha de cuyo nombre no ten\u00eda a acordarme, hab\u00eda un caballero de", "tokens": [50364, 2193, 517, 11467, 368, 635, 587, 4413, 368, 2702, 8308, 13000, 572, 23718, 257, 38077, 35890, 11, 16395, 517, 5487, 336, 2032, 368, 50700], "avg_logprob": -0.5011683944612741, "compression_ratio": 1.0795454545454546, "no_speech_prob": 0.17616501450538635, "words": null, "temperature": 0.0}, {"id": 2, "seek": 0, "start": 6.72, "end": 7.72, "text": " Dalvinas.", "tokens": [50700, 17357, 4796, 296, 13, 50750], "avg_logprob": -0.5011683944612741, "compression_ratio": 1.0795454545454546, "no_speech_prob": 0.17616501450538635, "words": null, "temperature": 0.0}], "language": "es"}